"Task","Intercept","Slope","SE","transform"
"vocab",22.9784688307958,1.3418557885665,3.63231036655426,NA
"grammar",3.10727352005379,-0.226093025766127,0.635491444317154,"log(50-y)"
"inference",2.06168959963327,-0.12972138116127,0.517172555835868,"log(21-y)"
"implicature",2.40673671118855,-0.0852031892070541,0.577907901363004,"log(34-y)"
"overture",14.9845381137645,0.86579398003855,3.14378370000312,"do not use regression?"
"matrices",3.78062458093746,1.00471381839608,3.11981349607944,NA
